date,food_calories
2013-08-17,2727
2013-08-18,1091
2013-08-19,1622
2013-08-20,1440
2013-08-21,1648
2013-08-22,1751
2013-08-23,1741
2013-08-24,2205
2013-08-25,610
2019-02-09,758
2021-12-21,2161
2021-12-22,2161
2021-12-23,2068
2021-12-24,1217
2021-12-27,1788
2022-01-15,1814
2022-01-25,1667
2024-02-03,2159
2024-02-04,2003
2024-02-05,1683
2024-02-06,2602
2024-02-07,1908
2024-02-08,1936
2024-02-09,1993
2024-02-10,2200
2024-02-11,2259
2024-02-12,2522
2024-02-13,1870
2024-02-26,2091
2024-02-27,2048
2024-02-28,1669
2024-02-29,2081
2024-03-01,1918
2024-03-02,1949
2024-03-03,2121
2024-03-04,2266
2024-03-05,2061
2024-03-06,2088
2024-03-07,2027
2024-03-08,2114
2024-03-09,2777
2024-03-10,3038
2024-03-11,1805
2024-03-12,2395
2024-03-13,2333
2024-03-14,2376
2024-03-15,2184
2024-03-16,2543
2024-03-17,2334
2024-03-18,1720
2024-03-19,1901
2024-03-20,1816
2024-03-21,2101
2024-03-22,1483
2024-03-23,2208
2024-03-25,1957
2024-03-26,2188
2024-03-27,1972
2024-03-28,2051
2024-03-29,3206
2024-03-30,4281
2024-03-31,2060
2024-04-01,1935
2024-04-02,1807
2024-04-03,1609
2024-04-04,2064
2024-04-05,1794
2024-04-06,2157
2024-04-08,2016
2024-04-09,1846
2024-04-10,2004
2024-04-11,2196
2024-04-12,1599
2024-04-13,2647
2024-04-14,2736
2024-04-15,1511
2024-04-16,1805
2024-04-17,2109
2024-04-18,1866
2024-04-19,1700
2024-04-20,4564
2024-04-22,1719
2024-04-23,1964
2024-04-24,1957
2024-04-25,2512
2024-04-26,1543
2024-04-27,2530
2024-04-28,2462
2024-04-29,1407
2024-04-30,2144
2024-05-01,1899
2024-05-02,2320
2024-05-03,1060
2024-05-04,1284
2024-05-06,1179
2024-05-07,1863
2024-05-08,1585
2024-05-09,1607
2024-05-10,843
2024-05-11,4403
2024-05-12,1165
2024-05-13,1111
2024-05-14,3580
2024-05-15,936
2024-05-16,1567
2024-05-17,1698
2024-05-18,3894
2024-05-19,3411
2024-05-20,1627
2024-05-21,1737
2024-05-22,1567
2024-05-23,2139
2024-05-24,2049
2024-05-25,3638
2024-05-26,3888
2024-05-27,1162
2024-05-28,1880
2024-05-29,1893
2024-05-30,1518
2024-05-31,1539
2024-06-03,1518
2024-06-04,1811
2024-06-05,1950
2024-06-06,2023
2024-06-07,1203
2024-06-08,4484
2024-06-09,4818
2024-06-10,1332
2024-06-11,1263
2024-06-12,1104
2024-06-13,1625
2024-06-14,1947
2024-06-15,4023
2024-06-16,2950
2024-06-17,1310
2024-06-18,1198
2024-06-19,1386
2024-06-20,1933
2024-06-21,1054
2024-06-22,3097
2024-06-23,1981
2024-06-24,1771
2024-06-25,1669
2024-06-26,1924
2024-06-27,1770
2024-07-02,1155
2024-07-03,1316
2024-07-04,4010
2024-07-05,2260
2024-07-06,3800
2024-07-07,3409
2024-07-08,1516
2024-07-09,1909
2024-07-10,1439
2024-07-11,1240
2024-07-12,1720
2024-07-13,3904
2024-07-14,3308
2024-07-15,1237
2024-07-16,1349
2024-07-17,2917
2024-07-18,778
2024-07-19,1585
2024-07-20,3179
2024-07-21,2186
2024-07-22,3625
2024-07-23,4726
2024-07-24,3999
2024-07-25,1400
2024-07-26,804
2024-07-27,4054
2024-07-28,2752
2024-07-29,1086
2024-07-30,1206
2024-07-31,1377
2024-08-01,1602
2024-08-02,1324
2024-08-03,2643
2024-08-04,2446
2024-08-05,1763
2024-08-06,1716
2024-08-07,1660
2024-08-08,1603
2024-08-09,1065
2024-08-10,3691
2024-08-11,5526
2024-08-12,662
2024-08-13,1110
2024-08-14,875
2024-08-15,1496
2024-08-16,338
2024-08-17,4499
2024-08-18,3796
2024-08-19,1385
2024-08-20,3330
2024-08-21,816
2024-08-22,1466
2024-08-23,2323
2024-08-24,3065
2024-08-25,4225
2024-08-26,1317
2024-08-27,978
2024-08-28,949
2024-08-29,1489
2024-08-30,1559
2024-08-31,5031
2024-09-01,2278
2024-09-02,2010
2024-09-03,1799
2024-09-04,3313
2024-09-05,1766
2024-09-06,1449
2024-09-07,4580
2024-09-08,2275
2024-09-09,4962
2024-09-10,870
2024-09-11,2370
2024-09-12,1348
2024-09-13,629
2024-09-14,3436
2024-09-15,2553
2024-09-16,3235
2024-09-17,2280
2024-09-18,2452
2024-09-19,1927
2024-09-20,1378
2024-09-21,3216
2024-09-22,2642
2024-09-23,2173
2024-09-24,2568
2024-09-25,3433
2024-09-26,1312
2024-09-27,1595
2024-09-28,3562
2024-09-29,3720
2024-09-30,1967
2024-10-01,3627
2024-10-02,2578
2024-10-03,1678
2024-10-04,872
2024-10-05,3773
2024-10-06,4104
2024-10-07,2261
2024-10-08,2177
2024-10-09,3486
2024-10-10,446
2024-10-11,1414
2024-10-12,3230
2024-10-13,3932
2024-10-14,2365
2024-10-15,2100
2024-10-16,1425
2024-10-17,1869
2024-10-18,1978
2024-10-19,2606
2024-10-20,2792
2024-10-21,2030
2024-10-22,4494
2024-10-23,3083
2024-10-24,2908
2024-10-25,44
2024-10-26,5657
2024-10-27,2807
2024-10-28,1543
2024-10-29,1531
2024-10-30,3399
2024-10-31,6133
2024-11-01,5064
2024-11-02,2241
2024-11-03,2578
2024-11-04,1577
2024-11-05,2199
2024-11-06,1794
2024-11-07,1481
2024-11-08,1502
2024-11-09,2868
2024-11-10,2559
2024-11-11,1817
2024-11-12,3150
2024-11-13,2109
2024-11-14,3091
2024-11-15,4070
2024-11-16,1438
2024-11-17,2832
2024-11-18,2341
2024-11-19,2130
2024-11-20,2550
2024-11-21,2002
2024-11-22,2507
2024-11-23,4007
2024-11-24,4268
2024-11-25,2692
2024-11-26,5392
2024-11-27,4242
2024-11-28,2351
2024-12-21,2342
2024-12-22,2522
2024-12-23,3154
2024-12-24,1304
2024-12-25,2337
2024-12-26,2610
2024-12-27,1148
2024-12-28,2989
2024-12-29,2213
2024-12-30,2356
2024-12-31,3010
2025-01-01,1954
2025-01-02,2169
2025-01-03,1009
2025-01-04,1853
2025-01-05,2038
2025-01-06,2322
2025-01-07,1918
2025-01-08,2235
2025-01-09,1855
2025-01-10,2231
2025-01-11,2143
2025-01-12,2966
2025-01-13,1748
2025-01-14,1852
2025-01-15,2139
2025-01-16,3561
2025-01-17,1963
2025-01-18,1933
2025-01-19,3532
2025-01-20,2595
2025-01-21,1797
2025-01-22,1944
2025-01-23,2485
2025-01-24,2072
2025-01-25,2726
2025-01-26,2893
2025-01-27,2133
2025-01-28,1868
2025-01-29,2050
2025-01-30,2174
2025-01-31,2060
2025-02-01,4388
2025-02-02,1985
2025-02-03,2841
2025-02-04,3163
2025-02-05,4002
2025-02-06,1633
2025-02-07,2144
2025-02-08,2888
2025-02-09,2345
2025-02-10,2197
2025-02-11,1927
2025-02-12,1811
2025-02-13,1906
2025-02-14,2423
2025-02-15,2621
2025-02-16,2169
2025-02-17,1481
2025-02-18,2347
2025-02-19,2714
2025-02-20,1908
2025-02-21,2086
2025-02-22,2337
2025-02-23,2371
2025-02-24,1932
2025-02-25,2003
2025-02-26,2447
2025-02-27,1818
2025-02-28,2383
2025-03-01,2268
2025-03-02,1464
2025-03-03,806
2025-03-04,2246
2025-03-05,1887
2025-03-06,2034
2025-03-07,2761
2025-03-08,2048
2025-03-09,2594
2025-03-10,2018
2025-03-11,1946
2025-03-12,1776
2025-03-13,1582
2025-03-14,2513
2025-03-15,2279
2025-03-16,4182
2025-03-17,1483
2025-03-18,1997
2025-03-19,1983
2025-03-20,1955
2025-03-21,2454
2025-03-22,2646
2025-03-23,2397
2025-03-24,2917
2025-03-25,2030
2025-03-26,2622
2025-03-27,2509
2025-03-28,3864
2025-03-29,1974
2025-03-30,2150
2025-03-31,2242
2025-04-01,2105
2025-04-02,2807
2025-04-03,2344
2025-04-04,2333
2025-04-05,1893
2025-04-06,3241
2025-04-07,1689
2025-04-08,2115
2025-04-09,1421
2025-04-10,2951
2025-04-11,2013
2025-04-12,2087
2025-04-13,2692
2025-04-14,2075
2025-04-15,1972
2025-04-16,2924
2025-04-17,2881
2025-04-18,2066
2025-04-19,3157
2025-04-20,2358
2025-04-21,2033
2025-04-22,3201
2025-04-23,1677
2025-04-24,1639
2025-04-25,1796
2025-04-26,3305
2025-04-27,1823
2025-04-28,4364
2025-04-29,1392
2025-04-30,1742
2025-05-01,1765
2025-05-02,1910
2025-05-03,2490
2025-05-04,2299
2025-05-05,1919
2025-05-06,2097
2025-05-07,2912
2025-05-08,2394
2025-05-09,2641
2025-05-10,3189
2025-05-11,4165
2025-05-12,1165
2025-05-13,2092
2025-05-14,2096
2025-05-15,2039
2025-05-16,1930
2025-05-17,3958
2025-05-18,2201
2025-05-19,2653
2025-05-20,2040
2025-05-21,1883
2025-05-22,2015
2025-05-23,2223
2025-05-24,2520
2025-05-25,2018
2025-05-26,2089
2025-05-27,2184
2025-05-28,2226
2025-05-29,5243
2025-05-30,1133
2025-05-31,2310
2025-06-01,2722
2025-06-02,2699
2025-06-03,2965
2025-06-04,1384
2025-06-05,1656
2025-06-06,2336
2025-06-07,2934
2025-06-08,2312
2025-06-09,3040
2025-06-10,2266
2025-06-11,2379
2025-06-12,2559
2025-06-13,2399
2025-06-14,2858
2025-06-15,2681
2025-06-16,2315
2025-06-17,3630
2025-06-18,4267
2025-06-19,1147
2025-06-20,1083
2025-06-21,2694
2025-06-22,2387
2025-06-23,2485
2025-06-24,2282
2025-06-25,3390
2025-06-26,2338
2025-06-27,4266
2025-06-28,2073
2025-06-29,2497
2025-06-30,2322
2025-07-01,2261
2025-07-02,2378
2025-07-03,2990
2025-07-04,2285
2025-07-05,2725
2025-07-06,2254
2025-07-07,2461
2025-07-08,3943
2025-07-09,1735
2025-07-10,1676
2025-07-11,2146
2025-07-12,2394
2025-07-13,2455
2025-07-14,2908
2025-07-15,2694
2025-07-16,4246
2025-07-17,2674
2025-07-18,4
2025-07-19,3538
2025-07-20,2316
2025-07-21,2548
2025-07-22,3654
2025-07-23,2153
2025-07-24,3934
2025-07-25,3
2025-07-26,4629
2025-07-27,3861
2025-07-28,1440
2025-07-29,4584
2025-07-30,454
2025-07-31,4174
2025-08-01,16
2025-08-02,4237
2025-08-03,2538
2025-08-04,3623
2025-08-05,2546
2025-08-06,2751
2025-08-07,1092
2025-08-08,1442
2025-08-09,3498
2025-08-10,2420
2025-08-11,2757
2025-08-12,2407
2025-08-13,2599
2025-08-14,1406
2025-08-15,2300
2025-08-16,3875
2025-08-17,3703
2025-08-18,2715
2025-08-19,1614
2025-08-20,2489
2025-08-21,4262
2025-08-22,1220
2025-08-23,3097
2025-08-24,2663
2025-08-25,2628
2025-08-26,2629
2025-08-27,2263
2025-08-28,2474
2025-08-29,3789
2025-08-30,2573
2025-08-31,2550
2025-09-01,2550
2025-09-02,4293
2025-09-03,1258
2025-09-04,2388
2025-09-05,1775
2025-09-06,3655
2025-09-07,1752
2025-09-08,2166
2025-09-09,4245
2025-09-10,2180
2025-09-11,2545
2025-09-12,2729
2025-09-13,2123
2025-09-14,2536
2025-09-15,2132
2025-09-16,3533
2025-09-17,2112
2025-09-18,2651
2025-09-19,1942
2025-09-20,4114
2025-09-21,2177
2025-09-22,2218
2025-09-23,2532
2025-09-24,2084
2025-09-25,2257
2025-09-26,3717
2025-09-27,2598
2025-09-28,2534
2025-09-29,2586
2025-09-30,2584
2025-10-01,5474
2025-10-02,5091
2025-10-03,39
2025-10-18,4078
2025-10-19,2119
2025-11-01,2873
2025-11-02,6381
2025-11-03,1233
2025-11-04,2727
2025-11-05,7
2025-11-06,2110
2025-11-07,1226
2025-11-08,3981
2025-11-09,2309
2025-11-10,1182
2025-11-11,1057
2025-11-12,3357
2025-11-13,1303
2025-11-14,2034
2025-11-15,2798
2025-11-16,4421
2025-11-17,4034
2025-11-18,2585
2025-11-19,16
2025-11-20,1670
2025-11-21,1778
2025-11-22,3945
2025-11-23,2924
2025-11-24,2591
2025-11-25,1158
2025-11-26,4273
2025-11-27,293
2025-11-28,1004
2025-11-29,2767
2025-11-30,2550
2025-12-01,3470
2025-12-02,1122
2025-12-03,2597
2025-12-04,2381
2025-12-05,1408
2025-12-06,5316
2025-12-07,5216
2025-12-08,464
2025-12-09,534
2025-12-10,534
2025-12-11,680
2025-12-12,1056
2025-12-13,1081
2025-12-14,1671
2025-12-15,1395
2025-12-16,2124
2025-12-17,2803
2025-12-18,2742
2025-12-19,2060
2025-12-27,4755
2025-12-28,2455
2025-12-29,2941
2025-12-30,1216
2025-12-31,3815
2026-01-01,1856
2026-01-02,1824
2026-01-03,2373
2026-01-04,2414
2026-01-05,2065
2026-01-06,2290
2026-01-07,2247
2026-01-08,2192
2026-01-09,1539
2026-01-10,4550
2026-01-11,1184
2026-01-12,1928
2026-01-13,2199
2026-01-14,2154
2026-01-15,2493
2026-01-16,86
2026-01-17,3296
2026-01-18,2937
2026-01-19,2752
2026-01-20,3410
2026-01-21,2243
2026-01-22,1957
2026-01-23,1097
2026-01-24,2369
2026-01-25,2993
2026-01-26,1656
2026-01-27,2474
2026-01-28,4122
2026-01-29,1469
2026-01-30,2378
2026-01-31,2757
2026-02-01,2201
2026-02-02,2204
2026-02-03,2604
2026-02-04,2437
2026-02-05,2867
2026-02-06,1491
2026-02-07,3101
2026-02-08,2774
2026-02-09,2382
2026-02-10,2883
2026-02-11,2563
2026-02-12,2179
2026-02-13,2251
2026-02-14,2602
2026-02-15,3601
2026-02-16,2496
2026-02-17,2557
2026-02-18,2538
2026-02-19,2669
2026-02-20,1658
2026-02-21,2937
2026-02-22,3258
2026-02-23,3442
2026-02-24,2345
2026-02-25,2797
2026-02-26,2483
2026-02-27,1362
2026-02-28,2693
2026-03-01,3503
2026-03-02,2489
2026-03-03,2006
2026-03-04,2270
2026-03-05,2032
2026-03-06,1267
2026-03-07,2598
2026-03-08,2537
2026-03-09,2259
2026-03-10,2507
2026-03-11,1932
2026-03-12,2436
2026-03-13,3653
2026-03-14,1649
2026-03-15,2817
2026-03-16,2186
2026-03-17,2709
2026-03-18,2225
2026-03-19,2708
2026-03-20,2852
2026-03-21,2519
2026-03-22,3741
2026-03-23,3058
2026-03-24,3167
2026-03-25,2585
2026-03-26,2286
2026-03-27,2497
2026-03-28,2828
2026-03-29,3365
2026-03-30,2712
2026-03-31,2502
2026-04-01,2979
2026-04-02,4967
2026-04-03,4113
2026-04-04,3573
2026-04-05,3352
2026-04-06,2257
2026-04-07,1726
2026-04-08,2282
2026-04-09,2060
2026-04-10,3016
2026-04-11,3520
2026-04-12,3919
2026-04-13,983
2026-04-14,3421
2026-04-15,2644
2026-04-16,2023
2026-04-17,2051
2026-04-18,3512
2026-04-19,2301
2026-04-20,3266
2026-04-21,2384
2026-04-22,3225
2026-04-23,2479
2026-04-24,1911
2026-04-25,3203
2026-04-26,1931
2026-04-27,2392
2026-04-28,4026
2026-04-29,2908
2026-04-30,2365
2026-05-01,3165
2026-05-02,2706
2026-05-03,2856
2026-05-04,3417
2026-05-05,2060
2026-05-06,2418
2026-05-07,3211
2026-05-08,2636
2026-05-09,2591
2026-05-10,3298
2026-05-11,3938
2026-05-12,2186
2026-05-13,3665
2026-05-14,3147
2026-05-15,3529
2026-05-16,3183
2026-05-17,3595
2026-05-18,2467
2026-05-19,1938
2026-05-20,1970
2026-05-21,4159
2026-05-22,2344
2026-05-23,4009
2026-05-24,1030
2026-05-25,2022
2026-05-26,2446
2026-05-27,2034
2026-05-28,1630
2026-05-29,1570
2026-05-30,2008
2026-05-31,3024
2026-06-01,2311
2026-06-02,2486
2026-06-03,2171
2026-06-04,4508
2026-06-05,2891
2026-06-06,2870
2026-06-07,2883
2026-06-08,3272
2026-06-09,1500
2026-06-10,2323
2026-06-11,2351
2026-06-12,1992
2026-06-13,1757
2026-06-14,2880
2026-06-15,2893
2026-06-16,1372
2026-06-17,2336
2026-06-18,2571
2026-06-19,3839
2026-06-20,2564
2026-06-21,3606
2026-06-22,2345
2026-06-23,2344
2026-06-24,2328
2026-06-25,4017
2026-06-26,48
